"","Img_0","Img_1","Img_2"
"mu",1.63349522292994,0.102387242738286,1.46829421049952
"sigma",0.62515957692938,0.314274160792506,0.565891336173587
